uid,title,description,imageUrl
1e3098ac-b640-4369-be92-f91c47a530c3,Victus thesis creo. Villa absconditus earum quae. Consectetur quam suus alii averto clementia amitto et.,"Apostolus complectus amissio arcesso. Peior sub dapifer. Vitae virtus bos somniculosus.
Thermae magni cedo adversus explicabo amissio vulpes decretum perspiciatis universe. Comprehendo vir aduro doloremque ancilla ullus. Circumvenio bestia auditor claudeo cur cavus.
Uberrime aegre confido tyrannus usque. Desolo eum voluptatibus repellat ullam sublime carcer acer veritas. Cupio casso voluptates quos tollo currus asper.",https://picsum.photos/seed/N3TpPC8Fr/3039/1353
5d2c6581-f00c-48c9-a8c5-df233c11b4a0,Callide turpis surculus mollitia terror cogito. Tenus esse spes animus. Crapula summopere coerceo abundans tabesco.,"Territo aureus dapifer dens aveho suscipit armarium vesica abduco stultus. Ter timor verumtamen ulterius. Timidus campana acsi mollitia caute tenax.
Minus adicio speculum corroboro laborum deleo. Avarus adsum compello cetera valde unus. Aegre delibero dens utrum carus vulpes pecto vita theatrum cogito.
Commodi temporibus iste ambulo defluo carbo vergo tum usque. Attero animus civis virgo. Thesis caste arcus varietas centum.",https://picsum.photos/seed/krotqS/2364/139
92c38d42-72cf-49d6-9d06-3849c37a8e46,Conitor supra aegrus spiculum totidem suus adicio conturbo eligendi. Cedo balbus tamquam ubi vae coadunatio adopto pecus. Aspernatur argentum depulso.,"Auditor nostrum adipiscor sequi consequuntur animus est. Turbo tabernus veritas libero asper nisi nobis. Audax turba exercitationem maxime statim tricesimus sumptus celer excepturi accusator.
Copiose statim caries tego uberrime. Tabesco thermae complectus cubo accusamus. Varius turpis vinculum supellex eum sursum maxime.
Tandem confido bibo decumbo stella curis caries defessus usus victus. Tenetur tempus paens canonicus non capto. Acsi sumo careo vomer patior vos.",https://picsum.photos/seed/xQVCV6Of/3396/2263
71dc2b67-049b-47df-ae22-8823b54bf771,Crepusculum color vindico tendo ventito caterva tenuis reprehenderit. Constans cibus vos attero cerno. Terra terreo stabilis.,"Ait victoria animi cimentarius vorax vita coepi. Acsi aestivus verecundia ambulo vicinus libero caelestis earum. Comprehendo tripudio adaugeo laborum.
Voveo debilito vilis. Degenero aggredior cohors atque quae cunae adeo asper. Qui certe caelestis.
Quibusdam maiores audentia. Pecto subvenio absque. Coepi illo victus terminatio depraedor curtus sursum venio.",https://picsum.photos/seed/R3ZsxvP/2394/2990
387317ce-518c-4100-8418-a059c0f181b1,Alo cursus nobis tondeo tego bellum tum. Decumbo celebrer uberrime tumultus earum tergeo callide capitulus auctor. Earum curvo cotidie quam cruentus pecus vergo tero.,"Blandior vere repellendus coepi adnuo tolero. Quo ara defendo. Tristis apparatus aut auctor cito.
Amor sustineo tempore. Adhaero abstergo bestia copiose depromo. Contabesco bardus dens.
Ante sollers thesaurus ambulo vulgaris bestia auctus. Ullam calculus corrigo xiphias adsum textilis. Subnecto texo eum deporto cognatus tam vicinus asper.",https://picsum.photos/seed/LgdtTXMKJ/2224/1813
55a6b6d5-54cf-4c47-9c1e-f1af76596380,Tyrannus aqua calcar censura contra patior maiores crepusculum odio civis. Socius creta tantum stabilis. Coniuratio aeger velut porro sequi suscipio adsuesco.,"Depraedor causa strues bos. Strues cimentarius abutor architecto vulariter crudelis dolor excepturi. Odit uredo somniculosus colligo nostrum baiulus.
Consequatur mollitia bellicus sol suadeo cognomen tamisium cerno ager. Tracto vito rem sulum celo. Ad volutabrum sono peccatus ea volaticus vetus verbum asperiores.
Vespillo corroboro comitatus victoria tamquam. Solutio tantillus torqueo tersus deficio tertius subnecto caveo. Sublime recusandae in uterque suscipit terror constans.",https://loremflickr.com/1291/428?lock=1828916746472506
4c062f24-aa43-4d43-a865-51e0db684df7,Adsum derideo crastinus aeneus illum thermae. Vereor velum defero aspernatur tertius caput. Ventito versus curtus tubineus.,"Acceptus cumque calco cruciamentum quo tyrannus deficio delectatio. Sit solum truculenter thesis decor. Subseco corpus curiositas spargo aestus.
Video cursim altus beatus aegrus trucido verbera creta undique cura. Tolero qui sperno. Atrocitas culpa vulgus video vulgus urbanus unus minima clementia.
Amplitudo aequus depulso vesco aureus incidunt studio peior similique. Aegrotatio benevolentia cura eos curso assentator ustulo cattus consuasor. Thorax vinitor nisi virtus aer.",https://loremflickr.com/2878/3790?lock=2112447017033715
fefeff70-ee87-4604-8fe3-c19a864d45a5,Deleo vestigium catena cubicularis cubicularis benevolentia abstergo absconditus auctus. Thalassinus desino tenax callide. Alter tergo capio desidero adsidue.,"Cubitum alias tremo tempore vulariter alter balbus. Subseco aliqua spargo sollicito ex tepesco. Animadverto delinquo tripudio pauper patruus soluta toties audacia trado.
Attonbitus creta verbum cetera uberrime. Acer virgo assentator totidem cogito canis ater. Amet vulgo denuncio armarium velociter sint.
Conservo termes acquiro acquiro aranea voluptatibus curriculum crebro vestrum. In tolero suffoco qui perferendis beneficium temptatio velociter creptio. Strues cuppedia minus cras deorsum vorago demoror.",https://loremflickr.com/374/2006?lock=4472095896823672
b1ffdaa0-133a-46eb-9085-68bc90db3997,Spargo contigo calculus adulatio asporto abutor creptio defaeco. Vulnero decens argumentum brevis caveo. Uberrime acquiro ara temporibus coadunatio veritas accusator.,"Aestivus impedit quod voveo defendo tamquam. Tero aliquam aufero vociferor. Adicio trans caries nisi.
Centum neque culpa numquam coaegresco abduco blanditiis ducimus dolor. Quod cursim cinis. Tui capio modi adulatio vos audentia placeat civitas desparatus adulescens.
Ambitus tredecim aestus tamquam. Absorbeo dolores utrum certus alter cultura sol accusantium uxor. Incidunt degenero pectus sapiente suscipio possimus demens vilitas.",https://loremflickr.com/349/3964?lock=6322641935079856
ee700558-7fe1-4f56-a9cd-d80ed016b997,Molestiae amitto audio adulescens adeptio audio curto adsidue conforto. Creo theatrum odit sordeo cultura aetas auxilium tollo amissio ascisco. Nemo in crepusculum porro tredecim sum.,"Atrocitas odit volo alii spargo. Earum defero colligo somnus voco comes adflicto conturbo tamisium suppellex. Charisma xiphias tego somniculosus suus depono repellendus.
Sperno aureus complectus venio argentum. Verbum substantia aliquam clementia patrocinor tardus vindico caste. Suppellex vir caput desino.
Utilis curto culpa tepidus angustus. Depono desolo despecto capto. Sublime spiritus angulus antepono unus carbo ipsum adsidue.",https://loremflickr.com/3057/694?lock=2438419208137262